Detail1,Target
WASHING  LOOK,Personalised
AVG  33,Personalised
CUSTOM  VANITY  PLATE  TEXAS  THE  LONE  STAR  STATE,Personalised
TENNESSEE  LUO  LEE  UNIVERSITY,Personalised
SATURN  BEL  609,Personalised
THE  VAN  THAT  WASHINGTON  008  MRT  COULD  NOT  NAMED,Personalised
ALIO  WAV  SHI  READ  DOWN,Personalised
3888  A,Personalised
CNT  W  HOH  UNIVERSITY  MONTANA,Personalised
ONTARIO  AHA  013  KEEP  EAU  FUL,Personalised
LOW  IOM  TLC  MAT  BLACK  HAWK  JEEP,Personalised
TEXAS  LON  CITAR  STATE,Personalised
FHL  0268,Personalised
JAN  GOV  2019  GAB  SAHL  of,Personalised
MICHIGAN  SAH  PROUD  BEAM  CRI  CAN,Personalised
6502  WWW  STATE  PAU,Personalised
4200,Personalised
APR  SPECTACULAR  3  BUZ  NORTHWEST  TERRITORIES,Personalised
HEE  388,Personalised
MAINE  FER  LBS  LOBSTER  LAMY,Personalised
SEP  69  SPIRIT  MASS  SETT  THE  AMERICA,Personalised
RAG  TOPP,Personalised
VIRGINIA  TED  ACR,Personalised
NEW  YORK,Personalised
BOOST,Personalised
MAR  TEXAS  TEXAS  GETTY  IMAGES  4144070520,Personalised
300  47351,Personalised
FUEL  of  PASS  HON,Personalised
APR  VIRGINIA  FEIN  FIREFIGHTER,Personalised
JUL  620151  1831056  THR  TEE  PROTECT  LAKE  TAHOE,Personalised
DISNEY  ODA  WIL,Personalised
UPS,Personalised
OREGON  12  SALMON,Personalised
ARE  RICAN  TEAM,Personalised
HOR  SHL  of  NEN  SCUM,Personalised
JAN  OKLAHOMA  NATIVE  AMERICA,Personalised
7160657,Personalised
OCD  106  IDIOT  of,Personalised
ALABAMA  7  HDL,Personalised
CENTENNIAL  CELEBRATION  BRF  1991,Personalised
TEXAS  of  SUPERCHARGED,Personalised
ANY  CUSTOM  TEXT  WEB  OTHER,Personalised
NEW  JERSEY  GARDEN  STATE,Personalised
VIRGINIA,Personalised
CALIFORNIA  LANCE,Personalised
MAINE  JAN  IHL  VACATION  LAND  712,Personalised
JUL  VIRGINIA  EAT  THE  KIDS  FIRST,Personalised
WISCONSIN  GRA  LIFE  MAY  AMERICA  DAIRY  LAND,Personalised
MARYLAND  WAR  1812  123456  STAR  SPANGLED  ROU  ORG,Personalised
463,Personalised
STOL  26  5551  CHED,Personalised
GEORGIA  SHANA  FULTON  SEP,Personalised
GRANT  LILO  NIA,Personalised
FLORIDA  2  BCH  SAVE  THE  MAN,Personalised
TEXAS  YOUR  NAME  HOUR  NAME  FREE  CHAIN,Personalised
KENTUCKY  UNBRIDLED  CPU  BOYD  6027017,Personalised
OBSCENE,Personalised
WISCONSIN  LARGEST  TOYOTA  DEALER  1  SMART,Personalised
MAINE  APR  EDGAR  VACATION  LAND,Personalised
WISCONSIN  FAST  ROAD  NER,Personalised
5444958  SEP  VIRGINIA  of  GETTY  IMAGES  44070841,Personalised
06  of,Personalised
of,Personalised
MAU  TIU  CPU  FOR  CAR  AND  PROUD  of,Personalised
FLORIDA  DEC  HFL  AMERICAN  RED  CROSS,Personalised
SNG,Personalised
COLI  FOT  UIA  YOUR  TEK,Personalised
CARER  NOT  POOP,Personalised
OPR  5,Personalised
JUL  VIRGINIA  EAT  THE  KIDS  FIRST,Personalised
MASSACHUSETTS  BLUE  THE  SPIRIT  AMERICA  SHU  CRS  TECK,Personalised
3574,Personalised
MONTH  EAR,Personalised
62020  SAIL  TOYOTA  MARIN,Personalised
MEN  CAN  HIO  INCE  18,Personalised
BELT  THE  SPIRITO  FAME  RICO,Personalised
HUA,Personalised
MICH  JUN  GYU,Personalised
LOW  NMT  BOOST,Personalised
NODE  ISLAND  571352  STATE  SEP,Personalised
LIVE  FREE  DIE  BAIE  HAM  PSI  IRI,Personalised
JUL  LUK,Personalised
GII,Personalised
NISSAN  LAMY  LAMY  ACI  AMY  LAMY,Personalised
NESS  CAR,Personalised
788  254,Personalised
NEW  YORK  PIR  ESTATE,Personalised
VIRGINIA  CRS  of,Personalised
ROC  9  I  HATE  SALVA,Personalised
749  THE  SPIRIT  AMERICA,Personalised
JAN  CPA  FHL,Personalised
JUL  BOSS  VALS  KOI,Personalised
FHL  0268,Personalised
CHAVES  HAPPY  LAND  ENCHANTMENT,Personalised
KENTUCKY  12345678  BLUEGRASS  SLATE,Personalised
2019  KISS  of,Personalised
AUSTRALIA  0187,Personalised
BONDI  DOS  CHOPPER  MESH  INDICATOR  L  222,Personalised
TEXAS  HANG  SEWELL,Personalised
YOU  ARE  TOO  OLD  DRIVE  YOUR  CAR  THEN  BEHIND  YOUR  MOTOR  063  GOD  TRUST  LAMY  PULL,Personalised
NOV  CALIFORNIA  92  6381200872  05282  1791  BILL  RIGHTS  1991,Personalised
882,Personalised
JUL  ABS  KOI  2015  THR  TEE  OTEC,Personalised
FORMAT  9  ARIZONA  ARIZONA  CUP  RENT  YOUR  REG,Personalised
CUSTOM  VANITY  PLATE  TEXAS  6786  THE  LONE  STAR  STATE,Personalised
ALABAMA  2025  NOV  FARM  2002  ALABAMA  65  2025  NOV  FARM  2002,Personalised
JAN  REB  VEL  AND  IGO,Personalised
VAN  AIK  SUPER  STOCK  SET  NUMBER  15599163,Personalised
TAE  AUG  I  ALWAYS,Personalised
MISS  PPI  ANY  TEXT  LAUDERDALE,Personalised
FOR  19  MICH  IGA  029  GREAT  LAKES  STATE  COLORED  BORDER,Personalised
TNC  FARTED  NOU  AMD  SUI  IDE,Personalised
SAO  021131241  CORWIN,Personalised
JUL  CAL  EASY,Personalised
WASHINGTON  PINBALL  NISSAN  THE  FAST  SIDE,Personalised
CAB  VIA  FRS  TEXT  LOGO  HERE,Personalised
of,Personalised
TFL  FUN  KAR,Personalised
NEVADA  NOPE,Personalised
NOR  TMV  CLE  ICE  UGH,Personalised
HOLOGRAM  RAIN  BOH  PARR  LES  SPAT  LES  BLACK  INK,Personalised
MICHIGAN  SAH  PLE  WATER  WINTER  DEC  WONDERLAND,Personalised
KER  BECK  ATL  FIC  CITY,Personalised
MAY  VLAD  IMP,Personalised
COT  NIA  HOUR  TEK,Personalised
EET  LICA,Personalised
ALUMNI  12024  HARVARD,Personalised
OVID  RELATED  REJECTIONS  ONTARIO  ONTARIO  9  OVID  OVID  YOURS  DISCOVER  YOUR  DISCOVER  ONTARIO  ONTARIO  OVID  OVID  XIX  YOURS  DISC  VFR  ONTARIO  ONTARIO  NOC  OVID  CORONA  YOURS  DISCOVER  YOURS  DISCOVER  SAMPLE  THE  REJECTED  OVID  RELATED  LICENCE  PLATES  BETWEEN  MAY  12019  AND  312020  SOURCE  ONTARIO  MINISTRY  OVER  MENT  AND  CONSUMER  SERVICES  CBC  NEWS  MAY,Personalised
882,Personalised
VOLUNTEER  STATE  NOV  TENNE  MEE  133  412  WAKE  DAVIDSON  DAM,Personalised
LAND  0612  INC,Personalised
MAINE  MAINE,Personalised
FLORIDA  RED  SUNSHINE  STATE,Personalised
GOOGLE,Personalised
5387,Personalised
OVID  RELATED  REJECTIONS  TAR  OVID  OVID  ONTARIO  NOC  OVID  CORONA,Personalised
JUN  VIRGINA  106  EAT,Personalised
MTN  HAN  COLO,Personalised
JUL  MISSOURI  2  ECO,Personalised
NEW  YORK  I  REST  ATF,Personalised
WHAT  ALL  THINK,Personalised
JAN  GEEK,Personalised
MISSOURI,Personalised
2022  SSV  PPI  BLACK  OUR  LICENSE  PLATE  SSV  OUT  VANITY  OPTION  STANDARD  OPTION,Personalised
SWIFT  REG,Personalised
RUB,Personalised
BOOST,Personalised
NORI  AROL,Personalised
COLI  FOT  UIA  YOUR  TEK,Personalised
HATE  HACKER,Personalised
ONE  RING  RULE  THEM  ALL,Personalised
SEP  GEORGIA  SHANA  FULTON,Personalised
POOPED,Personalised
0945  5,Personalised
JAN  CPA  FHL,Personalised
of  of,Personalised
PSU  LIONS,Personalised
SIDE  THE  BOX,Personalised
ABET  GRAB  HER,Personalised
JAH  EEK,Personalised
JUL  MISSOURI  2  ECO,Personalised
WAR  NYC  RIVI  NCL,Personalised
of,Personalised
NEVADA  BVG  HOME  MEANS  NEVADA  REASON  FOR  DENIAL,Personalised
SSS  NEK,Personalised
HAS,Personalised
5  NEW  YORK  MODEL,Personalised
HANKS,Personalised
MICHIGAN  BRD  N  MICHIGAN  GOV,Personalised
NOR  TMV  CLE  ICE  UGH,Personalised
62013  READ  DOWN,Personalised
0574  2  T  of  197285  07864,Personalised
CHAVES  HAPPY  NEW  MEXICO  USA,Personalised
THE  VAN  THAT  WASHINGTON  008  MRT  COULD  NOT  NAMED,Personalised
ALAM  AMY  JUN  ILL  ALAM  LAMY  LAMY,Personalised
300  47351,Personalised
ALIO  WAV  SHI  READ  DOWN,Personalised
MICHIGAN  NOV  HOPE  MICHIGAN  GOV,Personalised
HAWAII  CONNECTICUT  SOUR  NKY  506  ALOHA  STATE  CONST  UTI  STATE  SHOW  ESTATE  WYOMING  MAINE  1258  69655  MINNESOTA  UFA  NEW  HAMPSHIRE  LIVE  MISSOURI  IAR  OKLAHOMA  IDAHO  506  KAT  SHOW  STATE  III  PUT  TUE  810  ARIZONA  ICHI  GAR  552  N  4984419  BAR  GREAT  LIKE  NEW  YORK,Personalised
ANAL  WOULD  BURIAL,Personalised
PERSONALIZED  PLATES  FOR  CALI  LORI  ANY  TEXT  TEXT  TEXT  SIZES  FOR  AUTOMOBILES  MOTORCYCLES  MOPED  ATVS  BICYCLES  WHEELCHAIRS  AND  MUCH  MUCH  MORE  of,Personalised
ELLE  CUR  YOUR  SIGN  BLY,Personalised
RING,Personalised
SAHL,Personalised
MAINE  0247677  MAINE,Personalised
THE  VAN  THAT  WASHINGTON  008  MRT  COULD  NOT  NAMED,Personalised
COBA  0  CALIFORNIA  CARROLL  SHE  DIOR,Personalised
GROHL,Personalised
NEXT,Personalised
COLORADO  PIONEER,Personalised
SHING  REDSKINS,Personalised
CALI  FOR  FORD,Personalised
APR  VIS  A  THR  NET,Personalised
ICU  COP,Personalised
WISCONSIN  CPA  ROLL  HUE,Personalised
NEW  DUP  EMPIRE  STATE,Personalised
RIPA  NBA,Personalised
JIM  BURKE  2010  T  BIL  AUTO  HALL,Personalised
BALL  MEAT,Personalised
COM,Personalised
UUL,Personalised
WASH  NGT  BOB  TAY  TIH  OUT  REPRESENT,Personalised
8555  42289  13954  E  300  13137  999  58850  01234  18888  E  550  86239  TEC  958  GOOD,Personalised
YEAH  AHH,Personalised
19  8488  PRIVATE  VEHICLES  COMMERCIAL  VEHICLES  1  3465  7235  EMBASSY  CONSULATE  RENTAL  SELF  DRIVEN  VEHICLES  VEHICLES  8  CAC  19  ELECTRIC  VEHICLES  MILITARY  VEHICLES  TYPES  CAR  NUMBER  PLATES  INDIA  of,Personalised
JAN  GEEK,Personalised
LOZ  PAN  CUSTOM  TEXT  WEB  OTHER,Personalised
CAN  NOT  POOP,Personalised
LINK,Personalised
NEW  JER  TTE  GARDEN,Personalised
SID  SPACE,Personalised
1844332  2020,Personalised
PER,Personalised
IGN  END,Personalised
ARTE  KOA,Personalised
MURRAY,Personalised
PLUMBER  2739124,Personalised
EXOTIC  NAVI,Personalised
4814332  2020,Personalised
MME  SQL  HOH  13  D,Personalised
YORK  EMP  NEW  YORK  SCH  BAG  EMPIRE  STATE  NEW,Personalised
LULU,Personalised
MAINE  VACA  TIO  LOND,Personalised
MIA  O  IMAC,Personalised
TIKO  VIA  GOV,Personalised
CALI  FOR  FART  DSB  TAH  CALL  FOR  ICK  SNF,Personalised
HATE  HACKER,Personalised
HAWAI  THC  ALOHA  STATE,Personalised
ACCORD  LUV  SEL,Personalised
FLORIDA  SUNSHINE  STATE,Personalised
5  NEW  YORK  MODEL,Personalised
MICHIGAN  NOV  TROPE  MICHIGAN,Personalised
ZHU  CHENG  EXPORT  COLT,Personalised
CUP  BKE,Personalised
PERSONALIZED  PLATES  FOR  ANY  STATE  FLORIDA  CAL  FOR  YOUR  TEXT  YOUR  TEXT  SUNSHINE  STATE  TEXAS  RHODE  ISLAND  QUR  TEXT  YOUR  TEXT  GOD  BLESS  AMERICA  OCEAN  STATE  ALUMINIUM,Personalised
ARIZONA  YOUR  TEY  1,Personalised
ACCORD  LUV  SEL,Personalised
COLI  FOT  UIA  YOUR  TEK,Personalised
GAN  RDE  OUR  MEN,Personalised
FAST  WIS  NSW,Personalised
3  6,Personalised
MOTORCYCLE  LICENSE  PLATE  DEX  HAP  HEH  TEXAS  TEXAS  TEK  of,Personalised
ZELDA,Personalised
STATE  GARDEN,Personalised
RUB,Personalised
DIL,Personalised
MONTREAL  514,Personalised
READER  HOW  MUCH  CAN  YOU  SAY  7  LETTERS  CUFF,Personalised
FREE  73  of  NEW  HAMPSHIRE,Personalised
FEB  CALI  MIA,Personalised
YORK  LOM,Personalised
MASSA  USE  LTS  749  THE  of  of,Personalised
ONTARIO  BULL  YOU  DISCOVER,Personalised
IGN  END,Personalised
5  GRAB  HER  NOVA  SCOTIA  GRAB  HER  CANADA  OCEAN  PLAYGROUND,Personalised
JUL  VIRGINIA  EAT  THE  KIDS  FIRST,Personalised
CARER  NOT  POOP,Personalised
COUNT,Personalised
PUBLISHED  2018  0,Personalised
BOT,Personalised
CHARGE  POINT  3  PHASE,Personalised
TTE  APR  ALITO  NIA  2021  AUTOSPORT,Personalised
MICHIGAN  SAH  PLE  WATER  WINTER  DEC  WONDERLAND,Personalised
PENNSYLVANIA  HAH  VISIT  PACO  of,Personalised
BAD,Personalised
BOO  YAH,Personalised
YORK  NEW  STATE  EMPIRE,Personalised
CCS,Personalised
TODD,Personalised
ADD  YOUR  TEXT  HERE  ADD  YOUR  TEXT  HERE,Personalised
EXD  TICE,Personalised
HAS,Personalised
MASSACHUSETTS  PISS  THE  SPIRITO  FAME  RICO,Personalised
THE  MLAD  IMP,Personalised
JUL  VIRGINIA  TACO,Personalised
EAT  THE  FINS,Personalised
WISCONSIN  NES  CUE  CPA  FIREFIGHTER,Personalised
NEVADA  IHA  BVG  HOME  MEANS  NEVADA  REASON  FOR  DENIAL,Personalised
703599,Personalised
MINNEAPOLIS  ESOL  AFK  CAROUSEL,Personalised
ADD  YOUR  TEXT  HERE  ADD  YOUR  TEXT  HERE,Personalised
COI,Personalised
GEICO  ITS,Personalised
CUP  KOK,Personalised
WISCONSIN  FIRE  RESCUE  CPA  FIREFIGHTER,Personalised
VIRGINIA  ALO  MAR,Personalised
MAO  JESTED,Personalised
SKI,Personalised
L,Personalised
NESS  CAR,Personalised
7977642  CAL  SYR,Personalised
RAFFLE,Personalised
GAM  OEN,Personalised
REE  WAYS  BUG  LOU,Personalised
SAM  WASHINGTON  EACH,Personalised
ALL  ICA,Personalised
DEFEND  THE  709  USL  VEGA  BORN,Personalised
SWIFT  REG,Personalised
LUS  ESA  CUTE  SLA,Personalised
SEP  ARIZONA  2013  2017  APR  2017  2018  CALI  KOI  MMA  ARIZONA  OWEN  2016  LIAM  ELLA,Personalised
LAMY  NET  JUN  EGON  LAMY  LAMY  LAMY  LAMY  AMY,Personalised
SHL,Personalised
of,Personalised
CALIFORNIA  KANSAS  KANSAS  0  KANSAS  KORE  160  817  67637  ALABAMA  VIRGINIA  98176  219  4355943  9275  NON  2023  MISS  PPI  MALS  SPT  592  253065  5751  OREGON  HINDS  TEXAS  ASHING  TON  BALI  SIA  546326  SHL  169  TERM  MASSACHUSETTS  5977  X  583  610981  ANK,Personalised
HAWAI  GLY  ALOHA  STATE,Personalised
LZH  TEXAS  291  4276597  3,Personalised
RGER  DAIL,Personalised
DEC  YAU  WITH,Personalised
MINNEAPOLIS  MIE  SOTA  AFK  CAROUSEL,Personalised
SIGNED  FOR  YOUR  JOURNEY  HIL,Personalised
PLANET,Personalised
00  13500  47351  4735  231  4735  4735  47351  THE  BIGGEST  STORE  REPLICA  JAPANESE  LICENSE  PLATES  23,Personalised
NEW  YORK  I  REST  ATF,Personalised
KAT,Personalised
ZERO  EMS  IONS,Personalised
BEAUTIFUL  BIT  ISH  COLUMBIA  896  REN  MEL  135790891,Personalised
CAR  AND  DRIVER  SIP  TXT  HOME  THE  BEST,Personalised
ILL  JAN,Personalised
TEH,Personalised
ROU,Personalised
CUSTOMIZE,Personalised
259  BAM,Personalised
GINA  SONS  CONFEDERATE  VETERANS  OUR  ECH  ANIC,Personalised
VIRGINIA,Personalised
4,Personalised
NISSAN  CPA  FHL,Personalised
GOO,Personalised
OCT  VIRGINIA  DST  CAVA  LER,Personalised
CALARTS  DAHS,Personalised
TEXAS  MONTGOMERY  45123  ABS  EBC  315  NEW  YORK  ALABAMA  DIM  VER  4195  ABC  123  KENTUCKY  NEW  MEXICO  QUI  KOI  IDAHO  USA  ABC  123  ABC  123  035,Personalised
LORD  COW  DECAL  SUNSHINE  STATE,Personalised
SAP  TEK  LZH  TEXAS  291  4276597  3,Personalised
PLANET,Personalised
EZE,Personalised
802  LIN  IRC  07,Personalised
EIGHT,Personalised
YOUR  DESIGN  HERE  GIA  PHI  COL  ANY  DESIGN,Personalised
DEH  IHI  OHIO  OHIO  OHIO  THOM  OHIO  OHIO  OHIO  DEH  IHI  of,Personalised
CONNECTICUT  CKER,Personalised
WHITE  NAVY  BLACK  UTC  PINK  PIN  HOT  PINK  RED  VITE  DAT  TEEN  TEEN  LIGHT  EAE  SKY  BLUE  YOU  TED  GEY,Personalised
NOVA  SCOT  GRAB  HER,Personalised
ERIC,Personalised
ARIZONA  158  NOR  LENS  GRAND  CANYON  STATE  ALAN,Personalised
NEW  YORK  EMPIRE  STATE,Personalised
HOR  SHL  of  NEN  SCUM,Personalised
ARIZONA  VANITY,Personalised
WORK  LESS  PLAY  MORE  D  ENJOY  LIFE,Personalised
BAL  SKO  NULL,Personalised
OCT  ABER  TFL  187  ROS  COUNTY,Personalised
JANA  ICA  RIM  958  BROOKLYN  ARG  LOS  ANGELES  HUL  379  LAMY,Personalised
ALABAMA  8351  NBL  ESSAI  ERICH  132,Personalised
VIRGINIA  TACO,Personalised
SONNY  LANY  BALL,Personalised
SONNY  LANY  BALL,Personalised
MASSACHUSETTS  10  749  THE  SPIRIT  AMERICA,Personalised
FARTED  DSV  IDE  2007,Personalised
910  NKY  506  WYOMING  125  69655  ULI  AYA  157489  CLS  YANK  9  506  KAT  752  10357  552  N  4984419  BAR,Personalised
CON  NET  ICT  CIE  JAGUAR,Personalised
NEW  URO  TEXT  GARDEN  STATE  JER,Personalised
BROKE  WAL  of,Personalised
LUV  NORTH  CAROL  IDA,Personalised
YOUR  DESIGN  PRINTED  MAR  2022  CUS  JUL  CELO,Personalised
MAY  VLAD  THE  PALO,Personalised
FOXY  LOH  PAUL  ONE  LORI,Personalised
BOOST,Personalised
VMA  MADE  OWEN  LIAM  ELLA,Personalised
TAZ  PHD  PHD,Personalised
FAI  I  EPIC,Personalised
TRI  STATE  GROUP  USA  MADE  ABC  MOTORCYCLE  SALES,Personalised
CUS  PLATE  ENSE  FRAME,Personalised
NOT  POOR  PALME  LACH,Personalised
GRAB  NOVAS  COMA  GRAB  HER,Personalised
KEY  WEST  JUN  MARGARITA  ILLE,Personalised
BITCOIN,Personalised
10554  67637  98171  219  4335943  9275  546326  SHL  169  5977  583582  AED  461098,Personalised
GRAB  HER,Personalised
NBC,Personalised
111  PENNSYLVANIA  ICU  HAY  VISIT  PACO  of,Personalised
NEW  YORK  23458  LEATHERNECKS  CORPS  PER  FIDEL,Personalised
MAXIMA  of,Personalised
NOSY  ADOBE  ADOBE  EXPERIENCE  MONA  GER  THE  PRE  TERRE  CMS  TOOL  FOR  ENTERPRISE  USERS,Personalised
3  PSU  MILIONS,Personalised
1351  TIM,Personalised
WISCONSIN  CPA  IRC  FIGHTER,Personalised
ANY,Personalised
REN  TUCK  473  NEV  TOYOTA  COM,Personalised
CUBE  RUB,Personalised
NEW  YORK  NCH  EXCELSIOR,Personalised
MAINE  MAINE,Personalised
HOE  of  FAST  STATE  STATE,Personalised
PLUMBER  2739124,Personalised
MLI  UME  SOLA,Personalised
DING,Personalised
NOTHING  COMPARES,Personalised
RRR,Personalised
THX,Personalised
CALI  FOR  MIA  HRK,Personalised
GOOD,Personalised
GOOGLE,Personalised
SSS  VEK  SSH,Personalised
VANITY  VANITY  PLATE  LAR  JUST  CASE  THE  YELLOW  SIGN  ISNT  ENOUGH  EMBARRASS  YOUR  TEEN  DRIVER  INTO  SUBMISSION  DRIVERS  VANITY  STUDEN  RIVER  9611412  DRIVER  TOP,Personalised
325,Personalised
NAS,Personalised
CAR  AND  DRIVER  PLI  HOME  THE  TOKE  19,Personalised
PEH  SYLV  AHH  RUC  TEXAS  LIH  of  of  TEXAS  621  ICHE  WAL  TEXAS  0276597  8  DAKOTA,Personalised
4,Personalised
LIMITS,Personalised
ILLINOIS  VANITY  NIE,Personalised
90  DALY,Personalised
IOWA  WOODBURY,Personalised
NOR  TMV  CLE  ICE  UGH,Personalised
ABUL,Personalised
PERSONALIZED  ANY  COLOR  LICENSE  PLATE  EXT  TEXT  NID  DLE  TEXT  SURFIN  USA  GEOK  SIA  BEACH  BUM  ATL  PUL  MOVE  OVER  CHARLOTTE  SUPER  DAVE  ANY  TEXT  100  ALUMINUM  HIGH  GLOSS  PROTECTIVE  COATING  LICENSE  PLATE  FRIDGE  AGENT  KEY  CHAIN,Personalised
SAP  TEK  LZH  TEXAS  291  4276597  3,Personalised
YOUR  DESIGN  HERE  GRAPHIC  ANY  COLOR  DESIGN  MOTORCYCLE  GOLF  CART  ANY  ANY,Personalised
INDIANA  DANA  INDIANA  INDIANA  KWH  PUPS,Personalised
2,Personalised
MAINE  ANY  TEXT  VACATION  LAND,Personalised
ANY  CUSTOM  TEXT  WEB  OTHER,Personalised
HAH  2  COLORADO,Personalised
8,Personalised
PER,Personalised
ROUTE  STAT  ARAG  UCK  EYE  OHIO,Personalised
OUR  ECH  ANIC,Personalised
CLC  GOO  EXP  93,Personalised
CAL  TONI  ANY  TEXT  GOV,Personalised
LOVE  GOATS,Personalised
PRICES  FROM  250  MAKE  PERSONAL,Personalised
MISS  PPI  ANY  TEXT  LAUDERDALE,Personalised
UCD,Personalised
QUEBEC  ANY  TEXT  JEM  ESO  IEN,Personalised
PISSED  9  6,Personalised
BLACK  INK  CARB  of  ROE  LASER  SPARKLES,Personalised
FAR  NUN  TAIN  STATE,Personalised
WISCONSIN  NES  CUE  CPA  FIREFIGHTER,Personalised
JAR  AND  HEH  VFL,Personalised
LOL,Personalised
CAR  7769  BSG  NOR  CAROL  A  DORI  NORTH  LNA,Personalised
GRA  ARI,Personalised
KENTUCKY  UNBRIDLED  SPIRIT  LER  MFA  012,Personalised
MIN  UCD,Personalised
AUSTRALIA  ANNA,Personalised
FAST  WIS  NSW,Personalised
NEW  JERSEY  GARDEN  STATE,Personalised
CAR  AND  DRIVER  HOME  THE  BEST,Personalised
CALL  NIA  MATTHEW,Personalised
of,Personalised
NEW  YORK  EMPIRE  STATE  OUR  ECH  ANIC,Personalised
BLU,Personalised
E  2609  REX,Personalised
JUL  CAL  EASY,Personalised
CUS  PLATES  YOUR  TEXT  USA,Personalised
VID,Personalised
WISCONSIN  FIRE  RESCUE  CPA  FIREFIGHTER,Personalised
TADI,Personalised
UIC  KEY,Personalised
GATA,Personalised
JES  GICO,Personalised
NEW  YORK  FAT  EMPIRE  STATE,Personalised
TAX  718  PHD  PHD,Personalised
HIKER,Personalised
JESSICA,Personalised
SPA  SELF  O  EZE  GEEZ  FLOP,Personalised
NEW,Personalised
PERSONALIZED  PLATES  FOR  ANY  STATE  ARY  TEXT  TEXT  ANY  TEXT  ANY  TEXT  ANY  TEXT  ANY  TEXT  ANY  TEXT  SIZES  FOR  AUTOMOBILES  MOTORCYCLES  MOPED  ATVS  BICYCLES  WHEELCHAIRS  AND  MUCH  MUCH  MORE,Personalised
LEAF  JAH  PLUG  KNOX,Personalised
DESIGN  TEXT  LOGO  PHOTO  HERE  PICTURES,Personalised
2016  2016,Personalised
YOUR  DESIGN  HERE,Personalised
2016  2016  OUR  ECH  ANIC,Personalised
AMY  SNOOKS  AMY  of,Personalised
MAINE  ANY  TEXT  CATION,Personalised
OHO  CUSTOM,Personalised
LOW  ISMA  ANY  TEXT  SPORTSMAN  PARADISE,Personalised
FLORIDA  YOU  TEXT  EXPLORED  STATE  PARKS,Personalised
COMPANY  NAME  YOUR  CUSTOM  LOGO  HERE  WEB  OTHER,Personalised
366  366,Personalised
AMIE,Personalised
EMIL,Personalised
SHANA,Personalised
CAML,Personalised
JUN  CALIFORNIA  90  LYA  AMY,Personalised
APR  VIS  IHI  THR  NET,Personalised
VIRGINIA  CRS  of,Personalised
CUSTOM  PLATE  LICENSE  FRAME  QUALITY,Personalised
YOUR  DESIGN  HERE  GRAPHIC  COLOR  DESIGN  BICYCLE  PLATE  ANY  ANY,Personalised
PROUD  ARMY,Personalised
IKA  PERSON  ALL  SED  NUMBER  PATES,Personalised
VIRGINIA  TACO,Personalised
ASHLEE,Personalised
ZAZU  ULE  ADD  ELE  MAKE  YOUR  OWN  PERSONALIZED  CUS  INTROS  Z  of  CUSTOM  LICENSE  TEXT  FROM  PLATE  RICA  of  RICA  of,Personalised
1821  MISS  OUR  DEH  2021,Personalised
2882,Personalised
QUR  DEH,Personalised
NIA  MIO,Personalised
INDIANA  INDIANA  INDIANA  INDIANA  of  THU,Personalised
SASKATCHEWAN  ANY  TEXT  LAND  LIVING  SKIES,Personalised
CUSTOM,Personalised
WASHING  of  CENTENNIAL  CELEBRATION,Personalised
0  3  8  8  1,Personalised
ARIZONA  PRI  TEL  RAH  DAH  YOH  STATE,Personalised
YORK  LOM,Personalised
of,Personalised
YOURS  JAY  TEXAS  TEXAS  UNT  GRE  EEN  HOOK  6  MEAN  GREEN  TEM  SEX  TEX  TEXAS  FUN  PONYO  GET,Personalised
4372  DST  USC  3  AFM  LEN  R  227  ONLINE  8112016  of  47  REND,Personalised
WHAT  ALL  THINK,Personalised
MORE  TRAFFIC  TICKETS  UNREADABLE  TAG  TICKET  LEFT  VIEW  DISTORTION  302  PENNSYLVANIA  4433  LATE  PAU  LEVEL  DISTORTION  PENNSYLVANIA  4433  SCL  VIEW,Personalised
LOVE  BUG  WAYS,Personalised
CALI  FOR  CALIFORNIA  of  of,Personalised
ALBERT  CNT  NIO  RCS  UNT,Personalised
MAINE  JAN  IHL  VACATION  LAND  712,Personalised
SAM  WASHINGTON  EACH,Personalised
DEC  JEDI,Personalised
of  DORI  VING  LING,Personalised
BIC,Personalised
CUSTOMIZE,Personalised
RUBBISH,Personalised
FEB  CAB  KOT  of,Personalised
SMT,Personalised
PENNSYLVANIA  PEN  SYLVAN  U  PENNSYLVANIA  14094  of  of  BLU,Personalised
MAR  ALL,Personalised
of,Personalised
JOHN  DEERE,Personalised
WRANGLER  WRANGLER  JEEP,Personalised
PER,Personalised
LAMY  ALL  BUCKLE  WITH  JESUS  WEST  VIRGINIA  LAMY  LAMY  LAMY  ALAM,Personalised
CLAMS,Personalised
MAM  JAMA  STFU  1301  SID  HUS  REH  SUMI  SIX  FAT  GOD  THE  MINA  999  BORN  GARY  HIO  MAO  LIU  AUG  MSN  05  TAL  of  of,Personalised
AMY  LAMY  BON  501  LAMY  of,Personalised
SSS  NEK,Personalised
TENT  DAVIDSON,Personalised
SUPERBAD,Personalised
TAX  HOU,Personalised
POOPS,Personalised
MORE,Personalised
ALIO  WAV  SHI  READ  DOWN,Personalised
L,Personalised
OCT  ABER  TFL  187  ROS  COUNTY,Personalised
BAD,Personalised
APR  IRC  21  POLL  IIO  VIRGINA  FOR  LOVERS,Personalised
MPL  GOV,Personalised
UNT  RIO  LUXE  SHL  YOURS  DISCO,Personalised
RUBBISH,Personalised
CUTE,Personalised
NOV  TENNE  NEE  WAKE  DAVIDSON  ANY,Personalised
TTC  of,Personalised
2,Personalised
GROHL,Personalised
35665  LAND  LINCOLN,Personalised
CALI  FOR  FAR  SBT  CALI  FOR  ICK  SNF,Personalised
GTC  FORD  LATELY,Personalised
VALI  KIA  MOHS  of  GOV,Personalised
44771,Personalised
GOOGLE,Personalised
TEXAS  TEXAS  TEX  5  TEXAS  I  TEX  5  TEXAS  VEE  4,Personalised
AVG,Personalised
CUS  TOY  NIZ,Personalised
084  DIR,Personalised
NEW  YORK  EMPIRE  STATE,Personalised
YOUR  TEXT  CAT  of,Personalised
APR  VIS  IHI  THR  NET,Personalised
ROCK,Personalised
TEL,Personalised
WORK  LESS  PLAY  MORE  D  ENJOY  LIFE,Personalised
BURIAL,Personalised
DUP,Personalised
THE  MLAD  IMP,Personalised
NEW  YORK  EMPIRE  STATE  OUR  ECH  ANIC,Personalised
NOH,Personalised
RSL,Personalised
CUBE  RUB,Personalised
KER  BECK  ATL  FIC  CITY,Personalised
COUNTRY,Personalised
612,Personalised
BEER,Personalised
THE  NATURAL  STATE,Personalised
NOT  POOR,Personalised
APR  SPECTACULAR  3  BUZ  NORTHWEST  TERRITORIES,Personalised
LOT,Personalised
2321  1  of  232,Personalised
728  3366  72  3366,Personalised
1766060  766060,Personalised
KOT  TOM  PED  CSD  RIR  LIO  BAL  26  05551  MNO  SUR  WHER  NEV  CLO,Personalised
of  547,Personalised
3366  72  3366,Personalised
of  9980  of  9980,Personalised
5977,Personalised
KAT  0  1  of,Personalised
WWW  BIZ  R  2  3,Personalised
51  4666,Personalised
NUMBER  PLATE  DESIGNS  COL  860  ROM  6556,Personalised
CHAN  of  2610555,Personalised
44  TVS,Personalised
KAB  4648,Personalised
43  7727  MPA  7727,Personalised
4296  03  4296,Personalised
55  9070  55  809070,Personalised
LMS  33  9628  33  9628,Personalised
8  4,Personalised
4542,Personalised
51,Personalised
0999  SAD  999,Personalised
38  5  38  5,Personalised
3366  72  3366,Personalised
SSS  Z  SSS,Personalised
58  9935  58  9935,Personalised
9567  9567,Personalised
58  9935  58  9935,Personalised
HOI  7777  SPEED,Personalised
37  3777  37  3777,Personalised
of,Personalised
16  D  4212,Personalised
23  9023  23  9023,Personalised
33  3434  33  343,Personalised
13  3331,Personalised
of,Personalised
7  of,Personalised
55  7  2007  BIN,Personalised
3123,Personalised
39  9112  39  9119,Personalised
7987  of  L  7987,Personalised
of,Personalised
ARTS  TINTS  COM  NUMBER  PLATE  08  1010  08  1010,Personalised
66  2228  66  2228,Personalised
65  8001  65  8001,Personalised
23  9023  of  23  9023,Personalised
7077  of  7077  390,Personalised
INTER  of  26  05551,Personalised
MOL  SLAM  PED  ROM  INGRES  SEDIN  DLE  END  HOI  1234567  234  THUD  LUCE  NCEP  ALE,Personalised
2,Personalised
11  805566,Personalised
KAO  S,Personalised
728  3366  of  3366,Personalised
CHO  34  of  1000,Personalised
HOT  STAMPED  INTERNATIONAL  CHROMIUM  BASED  REGISTRATION  ASHOKA  CHAKRA  CODE  FOR  INDIA  SYMBOL  26005551  UNIQUE  LASER  ETCHED  DENOTES  THE  DISTRICT  UNIQUE  ALPHANUMERIC  SERIAL  NUMBER  WHERE  THE  VEHICLE  COMBINATION  CODE  REGISTERED  DENOTES  THE  STATE  WHERE  THE  VEHICLE  REGISTERED,Personalised
KAY  of,Personalised
KAO  S  KAO  S,Personalised
KAYS,Personalised
L  7987  D  L  7987,Personalised
63  1900  63  1900,Personalised
23  9023  of  23  90237,Personalised
6,Personalised
DLC  4898,Personalised
51  4666,Personalised
APO  VIC  23  9908  of,Personalised
2  2  of  2112,Personalised
C  of,Personalised
33  3434  33  3434,Personalised
D  of  22  2747  NUMBER  PLATE  DESIGNS  COM,Personalised
2321  of  Y  232,Personalised
KAO  of  036,Personalised
CAME,Personalised
7077  7077,Personalised
STICK  BUY  2211,Personalised
75  6622  75  6622  HIMALAYA,Personalised
DLR  01  004  22821  82821  LAN  828  828,Personalised
of  7  of,Personalised
5977,Personalised
34  ACA  000  34  1000,Personalised
KLE  4122  35  J  4122,Personalised
3  CBA  4898  DLC  4898  TEAM,Personalised
MNO  2532  NOT  2532,Personalised
HOT  STAMPED  INTERNATIONAL  MECHANIC  CHROMIUM  BASED  REGISTRATION  ASHOKA  CHAKRA  CODE  FOR  INDIA  SYMBOL  26005551  UNIQUE  LASER  ETCHED  DENOTES  THE  DISTRICT  UNIQUE  ALPHANUMERIC  SERIAL  NUMBER  WHERE  THE  VEHICLE  COMBINATION  CODE  REGISTERED  DENOTES  THE  STATE  WHERE  THE  VEHICLE  REGISTERED,Personalised
38  5  38  5  0281  ORE  LOR  LOR  of  of,Personalised
of  702,Personalised
55  0066  55  0066,Personalised
HOT  STAMPED  INTERNATIONAL  MECHANIC  CHROMIUM  BASED  REGISTRO  TION  ASHOKA  CHAKRA  CODE  FOR  INDIA  SYMBOL  26005551  UNIQUE  LASER  ETCHED  DENOTES  THE  DISTRICT  UNIQUE  ALPHANUMERIC  SERIAL  NUMBER  WHERE  THE  VEHICLE  COMBINATION  CODE  REGISTERED  DENOTES  THE  STATE  WHERE  THE  VEHICLE  REGISTERED,Personalised
of  6444  RACE,Personalised
23  8  8  5  8,Personalised
3530  3530,Personalised
0267077  390  026  D  7077  390,Personalised
KOT  TOM  PED  CSD  RIR  LIO  BAL  26  05551  MNO  SUR  WHER  NEV  CLO,Personalised
7638  36  7636,Personalised
6  of  6  SSL,Personalised
2  7  of  IAAF,Personalised
9980  006  9980,Personalised
7638  36  7636,Personalised
H  KAD  333,Personalised
HOT  STAMPED  TEN  ARAL  BAL  26  05551  QUE  PHAN  UMER  WHER  NEV  CLO,Personalised
866  5938  BAJA  5938  220,Personalised
of  G  647,Personalised
55  0066  55  0066,Personalised
9234,Personalised
597  HBO,Personalised
A,Personalised
2321  of  of  232,Personalised
KOT  STOMP  AVR  COW  KIA  BAL  26  05551  SEL  LOW  UMB  WHER  EVER  CLO,Personalised
N  6295  62951,Personalised
1  CAC  76371  1  CAC  76371,Personalised
51  4666,Personalised
3123,Personalised
63  1900  63  1900,Personalised
13  6952  13  6952,Personalised
INTER  of  26  05551,Personalised
9980  006  9980,Personalised
63  1900  63  1900,Personalised
33  3434  33  3434,Personalised
of  547,Personalised
1242880  2880,Personalised
14  0748  14  0748,Personalised
KAO  S,Personalised
ALEN  TAM  TOYOTA  of  9810970080,Personalised
51  4666,Personalised
D  5001  D  5001,Personalised
DLC  4898,Personalised
ZOA  9766,Personalised
KAOS  2333  KAO  2333,Personalised
55  868  55  868,Personalised
KOT  STOMP  AVR  COW  KIA  BAL  26  05551  SEL  LOW  UMB  WHER  EVER  CLO,Personalised
23  9023  23  9023,Personalised
55  0066  55  0066,Personalised
6  4409  TOURU  BUILDERS  6  4409  QUA  BUILDERS,Personalised
33  3434  33  343,Personalised
MGA  909,Personalised
D,Personalised
KAO  036,Personalised
14  8008  14  8008  40  2314  40  2314,Personalised
NGFU,Personalised
SUHL,Personalised
6  JUNO  6  CAR  7769  ROI  NORTH  BSG  RTI  CAROL  A  NORI  CAR  NORTH,Personalised
CRUZ,Personalised
APR  VIS  A  THR  NET,Personalised
2,Personalised
BRAN,Personalised
BAY,Personalised
BCH  501  1723  9  1  6  1  9,Personalised
IKA  PERSON  ALL  SED  NUMBER  PATES,Personalised
MICHAEL,Personalised
YOUR  IMAGE  HERE  CUSTOMIZED  LICENSE  PLATE,Personalised
COUNTRY,Personalised
518557,Personalised
EXT  REO  LINE  PINK  HARE  MOU  RTL  SIC  of  UST  GEY  ARE,Personalised
CUSTOM  SIGH,Personalised
62018  READ  DOWN,Personalised
PENNSYLVANIA  7  SUPPORT  YOUR  200,Personalised
AMG  GALI  KOMI  EVO,Personalised
VIG  SIX,Personalised
3526  IRU,Personalised
RID  PLE  SAM  PLE  PLE  SAH  PLE  PLE  SAN,Personalised
ALASKA  17  U,Personalised
VERMONT  ENTROPY  GREEN  MOUNTAIN  STATE  0712,Personalised
MIE  FONTS  0  LIO  COLORS,Personalised
BAIL  BAIL  BAIL,Personalised
PLUMBER  2739124,Personalised
VIG  SIK,Personalised
IDAHO  1234557  124  4  120,Personalised
TIGE  BARBIE  HARRY  MIS  CORY  KARA  BUG  COLOUR  APRIL  OPTIONS,Personalised
YOUR  IMAGE  HERE  CUSTOMIZED  LICENSE  PLATE,Personalised
AUG  2013  6,Personalised
FLORIDA  RED  SUNSHINE  STATE,Personalised
YOUR  DESIGN  HERE,Personalised
BOOST,Personalised
NING  MASSACHUSETTS  SOX  TRA,Personalised
VOL  WAA  ENO  of  1231,Personalised
SEP,Personalised
189,Personalised
IDAHO  HWA  DEALER  VER  MENT  AUBURN  RIDE  HOME  HAPPY  COM,Personalised
DEC  DEC  2019  BSA  DINU  NOV,Personalised
MGM  AIK,Personalised
DISNEY  ODA  WIL,Personalised
6502  WWW  STATE  PAU,Personalised
MAINE  DEC  543700  COMMER  CHAL,Personalised
000  LANA  IDIOT  WCD  of  of,Personalised
OSS  SAD,Personalised
MCR  OCT,Personalised
JAN  GOV  2019  GAB  SAHL  of,Personalised
TENNESSEE  OVO,Personalised
8  6006  2246951  66669,Personalised
ONTARIO  ANY  TEXT  YOURS  DISCO  VFR,Personalised
TEXAS  LON  CITAR  STATE,Personalised
502  PENN  VANIA  WWW  STATE  PAU,Personalised
4200,Personalised
FUEL  of  PASS  HON,Personalised
MAINE  VACATION  LOND  MAIN,Personalised
6  JUNO  6  CAR  7769  ROI  NORTH  BSG  RTI  CAROL  A  NORI  CAR  NORTH,Personalised
FHL  0268,Personalised
DEC  2020  YOUR,Personalised
AMA  0134  INDIANA  1  3  6  20,Personalised
NUI  NUI  NUI  NUI  of  of,Personalised
6  19  1631  OREGON  ARK  735  9  MISSOURI  GVP,Personalised
AVG  33,Personalised
NOW  HIRING  SAFE  QUALITY  DRIVERS  CALL  8738012,Personalised
BENTON  VILLE  JAM  KAHO  DEBIT  WWW  BENTON  VILLE  NISSAN  COM,Personalised
ONTARIO  AHA  013  KEEP  EAU  FUL,Personalised
APR  SPECTACULAR  3  22  NORTHWEST  TERRI  TOR  LES,Personalised
NEBRASKA  631  PDT  98  COLOR  Q,Personalised
M  TTT  W,Personalised
PSY  DUCK  WASHINGTON  2608  MRT  COULD  NOT  NAMED,Personalised
VIPER,Personalised
VIRGINIA  OUR  CUP,Personalised
571352  ICE  ATE  SEP,Personalised
of  PLATES  THC  NATURAL  STATE,Personalised
DIA  of  AMI,Personalised
CUSTOM  CALIFORNIA  LICENSE  PLATE  CALI  KOI  2  SEXY  CREATE  YOUR  OWN  LICENSE  PLATE,Personalised
TENNESSEE  LUO  LEE  UNIVERSITY,Personalised
MONTH  EAR  CAL,Personalised
WASHING  LOOK,Personalised
CUSTOM  VANITY  PLATE  TEXAS  THE  LONE  STAR  STATE,Personalised
SEP  69  SPIRIT  MASS  SETT  THE  AMERICA,Personalised
NEW  YORK,Personalised
THE  MOST  EXPENSIVE  NUMBER  PLATES  250  5184802014  440622008  3524  12009  5026762012  4151432019  40240  010  5001262011  4040632008  3515002006  of  6  4720002018  3901762021  301762019,Personalised
SATURN  BEL  609,Personalised
MAINE  FER  LBS  LOBSTER  LAMY,Personalised
NOW  HIRING  SAFE  QUALITY  DRIVERS  CALL  8738012,Personalised
TEXAS  ARIZONA  AYY  ORR  TRUCK  R,Personalised
HEE  388,Personalised
VIRGINIA  TED  ACR,Personalised
LOW  IOM  TLC  MAT  BLACK  HAWK  JEEP,Personalised
SLO,Personalised
OPS,Personalised
UPS,Personalised
6688  0  54448  820  ICH  33174,Personalised
3888  A,Personalised
MAINE  LOBSTER,Personalised
FORMAT  TEXAS  8670  THE  LONE  STAR  STATE  TEXAS  CUP  RENT  YOUR  REG,Personalised
LAL  AMY  ROU  ANC  FILM  LAMY  ABA  A  LAMY,Personalised
PUBLISHED  2018  0  RANGE,Personalised
CNT  W  HOH  UNIVERSITY  MONTANA,Personalised
HOH,Personalised
FORMAT  NOV  2017  LAB  of  750  CALIFORNIA  CURRENT  YOUR  REG,Personalised
GIA  NOTCH  YAM,Personalised
825  8779  2  8291  709  829  A  8,Personalised
162008  UHH,Personalised
RAG  TOPP,Personalised
4372  DST  USC  3  AFM  LEN  R  227  ONLINE  8112016  of  47  REND,Personalised
PERSONALIZED  PLATES  FOR  ANY  STATE  77777  ANY  TEXT  ANY  TEXT  ANY  TEXT  ANY  TEXT  ANY  TEXT  ANY  TEXT  ANY  TEXT  SIZES  FOR  AUTOMOBILES  MOTORCYCLES  MOPED  ATVS  BICYCLES  WHEELCHAIRS  AND  MUCH  MUCH  MORE,Personalised
MAT  NEW  JERSEY  1856  GARDEN  STATE  NEH  JERSEY  CURRENT  YOUR  REG,Personalised
MIO  URI  BOH  804623  TANA  682  4681378  ILM  MFS  OHL  KENT  HIK  4597  NORTH  CAROLINA  LOC  ANC  KLM  Q  OCEAN  STATE  MAIN  of  VENI  A  TEL  WIS  CON  SIM  WYOMING  CAN  STOCK  PHOTO  COM  CSP  70754193,Personalised
OREGON  12  SALMON,Personalised
APR  0  EARLY,Personalised
HAWAII  CONNECTICUT  SOUR  NKY  506  ALOHA  STATE  CONST  UTI  STATE  SHOW  ESTATE  WYOMING  MAINE  1258  69655  MINNESOTA  UFA  NEW  HAMPSHIRE  LIVE  MISSOURI  IAR  OKLAHOMA  IDAHO  506  KAT  SHOW  STATE  III  PUT  TUE  810  ARIZONA  ICHI  GAR  552  N  4984419  BAR  GREAT  LIKE  NEW  YORK,Personalised
MAR  CUSTOM  SUL  GOL,Personalised
FUEL  LEV  PASSION,Personalised
WISCONSIN  LARGEST  TOYOTA  DEALER  1  SMART  DML  TOYOTA,Personalised
JUL  620151  1831056  THR  TEE  PROTECT  LAKE  TAHOE,Personalised
MARYLAND  WAR  1812  123456  STAR  SPANGLED  ROU  ORG,Personalised
NODE  ISLAND  571352  STATE  SEP,Personalised
CLS,Personalised
LOW  NMT  BOOST,Personalised
JUL  VIRGINIA  EAT  THE  KIDS  FIRST,Personalised
COBA  CALIFORNIA  CALIFORNIA  9063206  CARROLL  SHE  MOTORS,Personalised
JAN  OKLAHOMA  NATIVE  AMERICA,Personalised
MIE  EMME  of  of  LIO  COLORS,Personalised
TEXAS  of  SUPERCHARGED,Personalised
STOL  26  5551  CHED,Personalised
3574,Personalised
ARE  RICAN  TEAM,Personalised
KENTUCKY  UNBRIDLED  CPU  BOYD  6027017,Personalised
7160657,Personalised
CUSTOM,Personalised
ROLE,Personalised
463,Personalised
WISCONSIN  LARGEST  TOYOTA  DEALER  1  SMART,Personalised
HAH,Personalised
ALABAMA  7  HDL,Personalised
NEW  YORK  of,Personalised
OCD  106  IDIOT  of,Personalised
LOL,Personalised
MAINE  APR  EDGAR  VACATION  LAND,Personalised
MAINE  JAN  IHL  VACATION  LAND  712,Personalised
06  of,Personalised
CENTENNIAL  CELEBRATION  BRF  1991,Personalised
VIG,Personalised
TEXAS  YOUR  NAME  HOUR  NAME  FREE  CHAIN,Personalised
EXP  ORL  MINNESOTA  COM  OLAF  FEB  OLAF  VEM  COLLEGE,Personalised
62020  SAIL  TOYOTA  MARIN,Personalised
NAVIS  5,Personalised
OPR  5,Personalised
MEN  CAN  HIO  INCE  18,Personalised
013467  256  LCD  KLM  456  156  456  3527  1  C  061  43657  346  241  034  DEF  3256  DEF  123678  3454  0456  2501  52  9  of  09,Personalised
MIE  FONTS  SOLID  COLORS,Personalised
BELT  THE  SPIRITO  FAME  RICO,Personalised
WISCONSIN  GRA  LIFE  MAY  AMERICA  DAIRY  LAND,Personalised
EVERYTHING  YOU  NEED  KNOW  PHIL  PLATE  HIT  PPI,Personalised
CUSTOM  CALIFORNIA  LICENSE  PLATE  2  SEXY  GOV  CREATE  YOUR  OWN  LICENSE  PLATE,Personalised
MONTANA  ANY  TEXT,Personalised
NEW  YORK  EMPIRE  STATE,Personalised
TIGE  BARBIE  HARRY  MIS  CORY  KARA  BUG  COLOUR  APRIL  OPTIONS,Personalised
WORKS  1718,Personalised
JIA  PUP,Personalised
44771,Personalised
CAR  AND  DRIVER  HOME  THE  BEST,Personalised
PURE  CHI  GAN  ANY  NAME  THC  MACKINAC  BRIDGE  ALUMINUM  LICENSE  PLATE,Personalised
FOR  19  MICH  IGA  029  GREAT  LAKES  STATE  COLORED  BORDER,Personalised
JUL,Personalised
TRU  ANY  TEXT,Personalised
FLORIDA  DEC  HFL  AMERICAN  RED  CROSS,Personalised
OCT  BETA  TFL  18  ROS  of  191  NER,Personalised
KAH  LOONS  BST  MAINE  1  BUOY  CHO  OUT  PST  MAINE  COD  RINK  RTH  MAINE  THE  WAY  LIFE  SHOULD  of,Personalised
WHARTON  62010  UNIVERSITY  PENNSYLVANIA  LAMY,Personalised
FAST,Personalised
HUH  ICE  P,Personalised
VAR,Personalised
37  51666  37  51666,Personalised
6380,Personalised
CLO  QATARI  PRIV  163499,Personalised
992  CGE  ROO  APP  0308  89377  of,Personalised
CUSTOM  LICENSE  PLATE  FITS  FISHER  PRICE  POWER  WHEELS  WRANGLER  OLIVIA  LICE  NGE  PLI  ATE  DECAL  ONLY  TTE  ICY  STORE  LIA  LING,Personalised
UAE,Personalised
CUSTOMIZED  LICENSE  PLATE  JUST  TELLUS  HOW  YOU  WANT  LOGOS  PHOTOS  CUSTOM  DESIGNS,Personalised
12345  ROK  FLORIDA  of,Personalised
SUPPORT  WILDLIFE  U  RICH  HOOVER  DAM  UNU  WAS  END  LAKE  TAH  TUR,Personalised
LIG  ENSE  PLATES  ARE  NOT  BOSSED  97  5,Personalised
PERSONALIZED  ANY  COLOR  LICENSE  PLATE  EXT  TEXT  NID  DLE  TEXT  SURFIN  USA  GEOK  SIA  BEACH  BUM  ATL  PUL  MOVE  OVER  CHARLOTTE  SUPER  DAVE  ANY  TEXT  100  ALUMINUM  HIGH  GLOSS  PROTECTIVE  COATING  LICENSE  PLATE  FRIDGE  AGENT  KEY  CHAIN,Personalised
PENS  ALI  SED  LICENSE  PLATES  CAT  TORN  ANY  TEXT  CUS  ZED  TEXT  USA  CANADA  STANDARD  SIZE  ALUMINUM  LICENSE  PLATES,Personalised
TEXAS,Personalised
Y  IDIOT  CUM  NCD  of,Personalised
CHEVROLET  1  54,Personalised
FHL  0268,Personalised
HALIFAX  DON  AIR  THE  OFFICIAL  FOOD  HALIFAX,Personalised
12346  003  POLK  FFF  134,Personalised
LICENSE  PLATE  PAI  OCR  RAM  CCI,Personalised
LOW  SAMPLE,Personalised
MAU  TIU  CPU  FOR  CAR  AND  PROUD  of,Personalised
RATHER  DRIVING  GOLF  BALLS,Personalised
NEW  YORK  CUSTOMIZE  TORR,Personalised
NUL  ALASKA  LAST  FRONTIER,Personalised
ONTARIO  ANY  TEXT  YOURS  DISCOVER,Personalised
FOR  JAPAN  29  ANY  TEXT  9253  ANY  TEXT  ANY  COLOR  ANY  TEXT  007  73  SUSHI  KOS  MODO  SIZES  FOR  AUTOMOBILES  MOTORCYCLES  MOPED  ATVS  BICYCLES  WHEELCHAIRS  AND  MUCH  MUCH  MORE,Personalised
FHL  PLATE  HIT,Personalised
MIS  PPL  SAMPLE  of,Personalised
DRIVE  SAFELY  NORTH  CAROLINA,Personalised
DEC  MASSACHUSETTS  TEXT  AMERICAN  NATIONAL  LEGACY  STORY,Personalised
APR  TENNE  NEE  138  MPH  LOUDON,Personalised
NEVADA  NOPE,Personalised
FROM  USA  TENNESSEE  THE  LUN  ERS  TALE  GRC  ELING,Personalised
OKLAHOMA  PLE  HONORARY  CONSUL,Personalised
of,Personalised
APA  TEN  NEN  138  MPH,Personalised
THE  FIRST  STATE  SES  EPIC  DELAWARE,Personalised
NEW  STICK  YORK  VETERAN  2345,Personalised
INDIANA  ANY  TEXT,Personalised
ARIZONA  TEXT  FREEDOM,Personalised
VOLUNTEER  STATE  NOV  TENNE  MEE  133  412  WAKE  DAVIDSON  DAM,Personalised
POTATO,Personalised
MAINE  MAINE,Personalised
TEXAS  CHUL,Personalised
POOPED,Personalised
CUSTOM  CALIFORNIA  LICENSE  PLATE  CALI  KOI  NIA  SEXY  CREATE  YOUR  OWN  LICENSE  PLATE,Personalised
MAINE  APR  ORB  HAC  OUT  AUD  719  NEW  RULES  PROPOSED  HELP  RECALL,Personalised
BULBOUS,Personalised
MONTANA  12345678,Personalised
CONNECTICUT  559  CLASSIC  VEHICLE,Personalised
TAH,Personalised
SHELBY  AMERICAN  4503  INCE  18,Personalised
NEI  YORK  3724,Personalised
VOL  WAGE  1231  of  HAUS  LANCASTER,Personalised
MONTANA  12345678  BIC  SKY,Personalised
ZERO  EMS  IONS,Personalised
1  0,Personalised
EXP  POOPS  THE  SPRIT  AMER,Personalised
ALABAMA  ANY  TEXT  GOD  BLESS  ERIC,Personalised
402  COLORADO,Personalised
LOLOL,Personalised
NESS,Personalised
CALIFORNIA  ESC  POD  DSI,Personalised
TEXAS  of  SUPERCHARGED,Personalised
DEC  MASSACHUSETTS  TEXT,Personalised
SWEDEN  STOCKHOLM  KON  UNG  ARIK  SVERIGE,Personalised
FORMAT  14  029  GREAT  KES  STATE  CUL  BORDER  ALL  CUS  H,Personalised
JIM  BURKE  2010  T  BIL  AUTO  HALL,Personalised
FITS  ALL  LICENSE  PLOT  FROM  BUY  FREE  SHIPPING  BALD  EAGLE  USA  6  38  THE  REFIT  CAR  MOTHER,Personalised
BICENTENNIAL  MONTANA  12345678  BIG  SKY,Personalised
NEW  YORK  HRS  HOOP  EMPIRE  STATE,Personalised
749  THE  SPIRIT  AMERICA,Personalised
UPS  353,Personalised
ALABAMA  2025  NOV  FARM  2002  ALABAMA  65  2025  NOV  FARM  2002,Personalised
GOOGLE,Personalised
4824259  JAN  VIRGINIA  9  IRC,Personalised
JUN  FORM  RIGHT,Personalised
CAB  VIA  FRS  TEXT  LOGO  HERE,Personalised
ARIZONA  FDF  EDO,Personalised
AVG  33,Personalised
NEW  YORK,Personalised
EXOTIC  NAVI,Personalised
OCT  VIRGINIA  CNH  GETTY  IMAGES  144084842,Personalised
COUNTRY  ARKANSAS  4  KICKER  THE  NATURAL  STATE,Personalised
MME  SOLA  HOH  13,Personalised
ARIZONA  FDF  EDO,Personalised
THE  NATURAL  STATE,Personalised
SCHMITT  COM  LIE  FREE  VEE  LAST  BUL  NEU  VIEL  SCE  MII  TACO,Personalised
ALUMNI  12024  HARVARD,Personalised
CFA  MADRID  ESP  A,Personalised
OKLAHOMA  PLE  HONORARY  CONSUL,Personalised
GOOD,Personalised
MAINE  TEES,Personalised
SEP  OBSCENE,Personalised
MONTANA  12345678  BIC  SKY,Personalised
APR  TENNE  NEE  138  MPH  LOUDON,Personalised
KENTUCKY  CHU  BOYD,Personalised
BULBOUS,Personalised
APR  SPECTACULAR  3  BUZ  NORTHWEST  TERRITORIES,Personalised
PAU  10  1  PENN  VANIA  1000  SHI  IHL  STATER  WWW,Personalised
MAINE  YUU,Personalised
MISSOURI,Personalised
1  0,Personalised
JUL  CAL  EASY,Personalised
JAN  NATIVE  AMERICA,Personalised
NEW  STICK  YORK  VETERAN  2345,Personalised
NEI  YORK  3724,Personalised
COUNTRY,Personalised
CUSTOM  CALIFORNIA  LICENSE  PLATE  CALI  KOI  NIA  SEXY  CREATE  YOUR  OWN  LICENSE  PLATE,Personalised
PAD  MADRID  REL  RIO  ESP  ARIA,Personalised
APR  SPECTACULAR  NORTHWEST  TERRI  TOR  LES,Personalised
COLI  FOT  UIA  YOUR  TEK,Personalised
DEC  MASSACHUSETTS  TEXT  AMERICAN  NATIONAL  LEGACY  STORY,Personalised
FROM  USA  TENNESSEE  THE  LUN  ERS  TALE  GRC  ELING,Personalised
LIL  POLISH,Personalised
TEXAS  CHUL,Personalised
POOPS,Personalised
FORMAT  14  029  GREAT  KES  STATE  CUL  BORDER  ALL  CUS  H,Personalised
TEXAS  YOUR  NAME,Personalised
MASSA  USE  TLS  LAL  POTATO  NIR  AMER  ICD  DIO  LAMY  AMY,Personalised
SSS  PPL  FEB  CLAIBORNE,Personalised
SLL  LINO  NTH  LLAND  OTL  CALM,Personalised
AZERBAIJAN,Personalised
MME  SOLA  HOH  13,Personalised
ARI  ZINA  of,Personalised
CALI  FOR  123,Personalised
ARIZONA  TEXT  FREEDOM,Personalised
APA  TEN  NEN  138  MPH,Personalised
103,Personalised
MAY  VLAD  IMP,Personalised
ALABAMA  2025  NOV  FARM  2002  ALABAMA  65  2025  NOV  FARM  2002,Personalised
CONNECTICUT  SAY  LEE  FERR  CLUB  of,Personalised
of,Personalised
MAY  BUT,Personalised
CUSTOM  CALIFORNIA  LICENSE  PLATE  2  SEXY  GOV  CREATE  YOUR  OWN  LICENSE  PLATE,Personalised
VIC,Personalised
COUNTRY  ARKANSAS  4  KICKER  THE  NATURAL  STATE,Personalised
SEP  ALI  FOR  82019  KISS  Z,Personalised
TEXAS  THE  of  STAR  STATE,Personalised
SLO,Personalised
CALI  FOR  MIA  OLD  ENGL,Personalised
SEP  VIRGINIA  of,Personalised
ARIZONA  1234567890  FREEDOM,Personalised
TEXAS  of  SUPERCHARGED,Personalised
CALIFORNIA  ESC  POD  DSI,Personalised
COT  NIA  HOUR  TEK,Personalised
ILL  863,Personalised
NEW  YORK  HRS  HOOP  LIP  IRE,Personalised
SWEDEN  STOCKHOLM  KON  UNG  ARIK  SVERIGE,Personalised
MONTANA  12345678,Personalised
LIEV  THE  SPIRITO  FAME  RICO,Personalised
SMT,Personalised
CLIVE  FREE  DIE  of  MEW  HAMPSHIRE,Personalised
AUG,Personalised
AVG  33,Personalised
RANT,Personalised
YORI  SFR  VIC  FNA  TUN,Personalised
AVG,Personalised
TFL  FUN  KAR,Personalised
JUN  CAL  FOR  of  RIGHT  THE  GOLDEN  STOLE,Personalised
TEXAS  YOUR  NAME  1045  TEXAS  YOUR  NAME  FREE  CHAIN,Personalised
DEC  MASSACHUSETTS  TEXT,Personalised
LAND  0612  INC,Personalised
749  THE  SPIRIT  AMERICA,Personalised
063  of  PULL,Personalised
ARIZONA  4360  HCL,Personalised
THE  TENNESSEE  VOLUNTEER  STATE  VACATION  COM,Personalised
WASHINGTON  2017  112  0  SAN  JUAN  ARCHIPELAGO,Personalised
COUNTY,Personalised
2016  CALIF  NOV  L,Personalised
FITS  ALL  LICENSE  PLOT  FROM  BUY  FREE  SHIPPING  USA  6  THE  419  REFIT  CAR  COM  ROND  OTHER,Personalised
MASSACHUSETTS  BELT  THE  SPIRIT  AMERICA,Personalised
SSS  PPI  UCI  CLAIBORNE,Personalised
JUL  J,Personalised
AZERBAIJAN  NEW  of,Personalised
EXOTIC  NAVI,Personalised
TEXAS  8670  THE  STAR  STATE,Personalised
DEC  VIRGINIA  ALABAMA  MSN  AUG  GOD  BLESS  AMERICA,Personalised
MARYLAND  123456  ZOO,Personalised
GEL  SUN  SHL  ESTA  GUNTHER,Personalised
512  PENNSYLVANIA  BRA  VISIT  PACO,Personalised
NEW  JERSEY  STREET  ROD,Personalised
CALIFORNIA,Personalised
DEC  926,Personalised
NEW  YORK  VETERAN  23411,Personalised
WASHING  L  LOOK,Personalised
44771,Personalised
TEXAS  LONE  STAR  STATE,Personalised
NEW  YORK  3244  EXCELS,Personalised
COBA  CALI  FOR  OLD,Personalised
3,Personalised
ARIZONA  148  020  4  ZONAL  ALTON,Personalised
BICENTENNIAL  MONTANA  12345678  BIG  SKY,Personalised
WASHINGTON  PINBALL  NISSAN  THE  FAST  SIDE,Personalised
MTN  HAN  COLO,Personalised
JUN  VIRGINA  106  EAT,Personalised
MBC,Personalised
PURE  ACHI  GAN  TEX  MICHIGAN  ORG,Personalised
MAINE  KYU,Personalised
HOH,Personalised
VIRGINIA  OUR  CUP,Personalised
MAT  NEW  JERSEY  1856  GARDEN  STATE  NEH  JERSEY  CURRENT  YOUR  REG,Personalised
SEP,Personalised
TENNESSEE  OVO,Personalised
APR  SPECTACULAR  3  22  NORTHWEST  TERRI  TOR  LES,Personalised
FORMAT  14  029  GREAT  KES  STATE  CUL  BORDER  ALL  CUS  H,Personalised
MONTH  EAR  CAL,Personalised
FUEL  LEV  PASSION,Personalised
MAINE  LOBSTER,Personalised
OPS,Personalised
GIA  NOTCH  YAM,Personalised
FORMAT  TEXAS  8670  THE  LONE  STAR  STATE  TEXAS  CUP  RENT  YOUR  REG,Personalised
IPL,Personalised
SLO,Personalised
PSY  DUCK  WASHINGTON  2608  MRT  COULD  NOT  NAMED,Personalised
INDIANA  9958918,Personalised
ALABAMA  2025  NOV  FARM  2002  ALABAMA  2025  NOV  FARM  2002,Personalised
VOL  WAA  ENO  of  1231,Personalised
MCR  OCT,Personalised
FORMAT  NOV  2017  LAB  of  750  CALIFORNIA  CURRENT  YOUR  REG,Personalised
BENTON  VILLE  JAM  KAHO  DEBIT  WWW  BENTON  VILLE  NISSAN  COM,Personalised
MAINE  DEC  543700  COMMER  CHAL,Personalised
APR  47  21947  CALIFORNIA  FORD  EARLY,Personalised
162008  UHH,Personalised
502  PENN  VANIA  WWW  STATE  PAU,Personalised
571352  ICE  ATE  SEP,Personalised
MGM  AIK,Personalised
MAR  CUSTOM  SUL  GOL,Personalised
AMA  0134  INDIANA  1  3  6  20,Personalised
WISCONSIN  LARGEST  TOYOTA  DEALER  1  SMART  DML  TOYOTA,Personalised
MAINE  VACATION  LOND  MAIN,Personalised
JAH  EEK,Personalised
DEC  2020  YOUR,Personalised
5387,Personalised
CUSTOM  CALIFORNIA  LICENSE  PLATE  CALI  KOI  2  SEXY  CREATE  YOUR  OWN  LICENSE  PLATE,Personalised
PUBLISHED  2018  0  RANGE,Personalised
APR  0  EARLY,Personalised
CHAVES  HAPPY  NEW  MEXICO  USA,Personalised
KLE  4122  35  J  4122,Non_Personalised
TNO  0704  59  678  59  5100  59  2950,Non_Personalised
2  123456,Non_Personalised
007  EID  55  ROYAL  of  BIN,Non_Personalised
ACRYLIC  LASER  CUT  CUSTOMISED  CAR  BIKE  NUMBER  PLATES  1140  of  of  1140  SHOWMAN,Non_Personalised
TATA  3550  NDIA  OUR  T,Non_Personalised
20  259  2  7259,Non_Personalised
BIKE  NUMBER  FRONT  VIEW  1676  of  of  1676,Non_Personalised
O  2521,Non_Personalised
37  4902  37  INDIA  4902,Non_Personalised
5823  5823,Non_Personalised
KHO,Non_Personalised
HON  6  7  581,Non_Personalised
7638  36  7636,Non_Personalised
25861  D,Non_Personalised
50  O  879792  125  150  175  200  0  JOO  150  200,Non_Personalised
KAGI  7969  KAZ  of,Non_Personalised
BUH,Non_Personalised
8435,Non_Personalised
2  2  8  8,Non_Personalised
15  4129,Non_Personalised
2345  EKA  of  2345,Non_Personalised
35,Non_Personalised
2,Non_Personalised
SHUTTER  STOCK  COM  314387042,Non_Personalised
8  8  8,Non_Personalised
11  1014  11  1014,Non_Personalised
26  D,Non_Personalised
7767  SEI,Non_Personalised
7777  DUBAI  08524  DUB,Non_Personalised
23  9908,Non_Personalised
2321  of  of  232,Non_Personalised
LOBE  2665,Non_Personalised
HONDA  M  581,Non_Personalised
KAO  639  KAO  1639,Non_Personalised
040684  D  0684,Non_Personalised
1014  ROYAL  FIE  11  1014,Non_Personalised
2,Non_Personalised
7  C  5602,Non_Personalised
0  4  ALL  of,Non_Personalised
1140  1140,Non_Personalised
2360  07  2360,Non_Personalised
of  21097,Non_Personalised
5823  5823,Non_Personalised
1,Non_Personalised
HOL  5413,Non_Personalised
0684  D  0684,Non_Personalised
38  1250  DAW  GSN  MOTOR  RAD,Non_Personalised
1433,Non_Personalised
MIES  A  165,Non_Personalised
APO  VIC  23  9908  of,Non_Personalised
of  6903,Non_Personalised
DEC  ILLINOIS  86548  F  LIM  COLM,Non_Personalised
2  E  8,Non_Personalised
8435,Non_Personalised
8  1  8,Non_Personalised
9509  3  065  9509  3  065,Non_Personalised
22  8769,Non_Personalised
MHD  HERO  4702,Non_Personalised
KAO  639  KAO  1639,Non_Personalised
M  4559  0,Non_Personalised
SHU  RER  STOCK  34387042,Non_Personalised
TNO  D,Non_Personalised
1433  of  REI  FOR,Non_Personalised
65  7253,Non_Personalised
459  343  64  23404  5856768  6769  59  3478  72  4779  60  4373  5826780  1050  4726  S  5678,Non_Personalised
8939  8939,Non_Personalised
HARYANA  SRP  APPLY  ONLINE  HIGH  CURLY  REGI  STRAT  NUMBER  PLATE,Non_Personalised
65  7253,Non_Personalised
567  of  890,Non_Personalised
KAO  of  E  6  28,Non_Personalised
4542  KALE  0,Non_Personalised
NHM,Non_Personalised
E  3978  78  E  3978,Non_Personalised
4646,Non_Personalised
9  BOSS,Non_Personalised
2345,Non_Personalised
2,Non_Personalised
D  6634  9727  11  05318  9727  of  D  05318,Non_Personalised
0563  J  L  K  0563,Non_Personalised
SSC  67463  of,Non_Personalised
221465074  LAMY  213,Non_Personalised
22046517,Non_Personalised
968889  19  D  68869,Non_Personalised
39  1895  YAMAHA  39  1895,Non_Personalised
23  9908  23  9908  ULI,Non_Personalised
1617,Non_Personalised
447,Non_Personalised
39  1895  39  1895,Non_Personalised
55  809070,Non_Personalised
2360  2360,Non_Personalised
HOG  8820  HOL  8820,Non_Personalised
XYZ  12345678,Non_Personalised
9980  06  9980,Non_Personalised
DELHI  2010,Non_Personalised
DELI  2019,Non_Personalised
8  8,Non_Personalised
32  4646  33  9628  32  4646  33  9628  23  9023  9933  23  2023  9933  65  3232  9567  65  3232  9567,Non_Personalised
0  4  ALL  of,Non_Personalised
3325  3325,Non_Personalised
7077  of  7077  390,Non_Personalised
3369,Non_Personalised
28545  76421197  76  119  00  of,Non_Personalised
ARTS  PRINTS  COM  NUMBER  PLATE  TNO  CHL  123,Non_Personalised
ARTS  PRINTS  COM  NUMBER  PLATES  12  6679  12  6679,Non_Personalised
7794  45  779,Non_Personalised
9509  9509  065,Non_Personalised
of,Non_Personalised
BIKE  NUMBER  FRONT  VIEW  1676  of  of  1676,Non_Personalised
2  8169,Non_Personalised
2586  D,Non_Personalised
12  0880,Non_Personalised
XYZ  12345678,Non_Personalised
3  2521  TZAR  DENCH,Non_Personalised
RITO  J  8765,Non_Personalised
8  1,Non_Personalised
KAGI  7969  KAZ  of  1051,Non_Personalised
04  5  28  POA  CUS  28,Non_Personalised
SSC  67463  9  9,Non_Personalised
06  4  15,Non_Personalised
03  4296  03  4296,Non_Personalised
M  HST  06825  1234  CHL  946825  31  12,Non_Personalised
66  7428  66  47428,Non_Personalised
0  193951,Non_Personalised
BIKE  SALE,Non_Personalised
HONDA,Non_Personalised
2585,Non_Personalised
MEW  100  MEW  306,Non_Personalised
TEAM  BHP,Non_Personalised
KLE  4122  35  J  4122,Non_Personalised
ARTS  PRINTS  COM  NUMBER  PLATE  TNO  CHL  123  TNO  CHL  123,Non_Personalised
10  0504  10  00504  2  LOR  LORE  of,Non_Personalised
of  1346,Non_Personalised
D  1346,Non_Personalised
26  D,Non_Personalised
60,Non_Personalised
ARTS  PRINTS  COM  NUMBER  PLATES  285  45  119  2  of  0  of,Non_Personalised
TATA  A  3550,Non_Personalised
76  21197,Non_Personalised
5  126  APS  126,Non_Personalised
JUS  2603,Non_Personalised
CAM,Non_Personalised
0,Non_Personalised
64  5657  58  1372  8475  59  6780,Non_Personalised
02  5174  02  5174,Non_Personalised
542  0690  5  of  690,Non_Personalised
of  551  78550  GARAGE  6850,Non_Personalised
ABCDE  KLM  of  1234567890,Non_Personalised
2156  TOR  0927,Non_Personalised
5  126  5  126  2820  028  21  022  9282,Non_Personalised
HONDA  BOO,Non_Personalised
2360  2360,Non_Personalised
9088,Non_Personalised
KAZ  2326  KAZ  2326,Non_Personalised
HOT  STAMPED  INTERNATIONAL  CHROMIUM  BASED  REGISTRATION  ASHOKA  CHAKRA  CODE  FOR  INDIA  SYMBOL  26  5551  UNIQUE  LASER  ETCHED  DENOTES  THE  DISTRICT  UNIQUE  ALPHANUMERIC  SERIAL  NUMBER  WHERE  THE  VEHICLE  COMBINATION  CODE  REGISTERED  DENOTES  THE  STATE  WHERE  THE  VEHICLE  REGISTERED,Non_Personalised
542  0690  54  S,Non_Personalised
14  0153,Non_Personalised
968889  19  D  68869,Non_Personalised
12  39  BIKES  SALE,Non_Personalised
IAAF  2112  of  2112  PRINTS,Non_Personalised
of  19091,Non_Personalised
BIKES  SALE,Non_Personalised
KHO,Non_Personalised
04  1240  04  1240,Non_Personalised
D  KAO  0036,Non_Personalised
of  9647,Non_Personalised
N  6295  62951,Non_Personalised
6  0  4365  4365,Non_Personalised
3  BIKES  SALE,Non_Personalised
of  6903,Non_Personalised
JAGUAR  13  4253,Non_Personalised
M  4559  0,Non_Personalised
294  of  of  294,Non_Personalised
4646,Non_Personalised
1104  1204  API,Non_Personalised
CAP  ACCESS  NTER  TAZ  MUME  DOVE  JER  MAN  FONT  HUME  PLATE  NER,Non_Personalised
9  RIO  NUMBER  PLATE  FRAME  SET  of  of  786  1  1  1  4,Non_Personalised
1104  1204,Non_Personalised
04  1240  04  1240,Non_Personalised
KAO  S  KAO  S,Non_Personalised
TATA  3550  PLAN,Non_Personalised
22  206016,Non_Personalised
of  UIA  TATA  3550,Non_Personalised
DAY,Non_Personalised
10  4806  10  48  5  222  02831  92821  TOR  928  7  BIZ  2221,Non_Personalised
2586  D,Non_Personalised
IKA  KAO  60591,Non_Personalised
842  739,Non_Personalised
6,Non_Personalised
20  9766  20  9766,Non_Personalised
DEC  ILLINOIS  86548  AND  COLA,Non_Personalised
TOYOTA  13  4253,Non_Personalised
SERIES  BER  PLAT  EXP  of,Non_Personalised
55  868  55  868,Non_Personalised
LIA  2345,Non_Personalised
CAM,Non_Personalised
AUT  OPIATE  BAND  IRA  COM,Non_Personalised
39,Non_Personalised
WWW  BIZ  39,Non_Personalised
M  4559  0,Non_Personalised
GHS  CURL  REGISTRATION  PLATES  SMAP  LOCK  CHR  OMIM  SEC  URI  CHOI  SCRIPT  HOLOGRAM  4174  ALPHA  NUN  REFLECT  SHEET  SNAP  LOCK,Non_Personalised
of  19091,Non_Personalised
14  7891,Non_Personalised
DELI  2019,Non_Personalised
20  9766  20  9766,Non_Personalised
BOA  0714,Non_Personalised
of,Non_Personalised
A  2345,Non_Personalised
29  of  3  of  292,Non_Personalised
10554  67637  98171  219  4335943  9275  546326  SHL  169  5977  583582  AED  461098,Non_Personalised
SECURITY  REGISTRATION  BATES  CHR  OMI  SECURITY  RISE  CHOI  SCRIPT  HOLOGRAM  D  EMBOSSED  BORDERS  AND  1234667  4174  ALPHA  UMER  END  REFLECT  of  RETCHED  SHEETING  SNAP  LOCK,Non_Personalised
20  5194,Non_Personalised
of  7235,Non_Personalised
FEW  INTERNATIONAL  PLATES  GRU  SSD  0103  J  of  250  CON  of  4  149786  9282  HOMAN,Non_Personalised
KAZ  of  1051,Non_Personalised
FIRST  CHOICE,Non_Personalised
19  8488  7235  8  CAC  19  of  3465,Non_Personalised
11  1014  11  1014,Non_Personalised
5003  V  5003  C  HINDS,Non_Personalised
7992  KAL  HYUNDAI,Non_Personalised
TUN  INDIA,Non_Personalised
3  5  8,Non_Personalised
KAD  3879  KAD  3879,Non_Personalised
20  9766  2  9766,Non_Personalised
58  8778,Non_Personalised
59  7865  59  6457  58  7892  59  6789,Non_Personalised
KOT  STOMP  AVR  COW  KIA  BAL  26  05551  SEL  LOW  UMB  WHER  EVER  CLO,Non_Personalised
RAVI  270  2015,Non_Personalised
12  25  2409  0236  947674  234  8930,Non_Personalised
AAR  HRH  CAC  T  SAM  BRUSK  of  of  of,Non_Personalised
HOT  STAMPED  INTERNATIONAL  CHROMIUM  BASED  REGISTRATION  ASHOKA  CHAKRA  CODE  FOR  INDIA  SYMBOL  26  5551  UNIQUE  LASER  ETCHED  DENOTES  THE  DISTRICT  UNIQUE  ALPHANUMERIC  SERIAL  NUMBER  WHERE  THE  VEHICLE  COMBINATION  CODE  REGISTERED  DENOTES  THE  STATE  WHERE  THE  VEHICLE  REGISTERED,Non_Personalised
838,Non_Personalised
2,Non_Personalised
C  6783,Non_Personalised
23  9908,Non_Personalised
5174  02  5174,Non_Personalised
20  5194,Non_Personalised
91286129,Non_Personalised
630  496  27  639  OOO  3572  BDD  878  PER  659  6230  CHE  907  580  X  815  972  163  581  RBC  RDS  of  of  N  HAB  302877  436  DOWN  UNDER  MSA  5058  6716  484  of  K  439  2848,Non_Personalised
V  1629,Non_Personalised
KTN  49  2038  JAMS,Non_Personalised
CHOI  I  1234567  4174,Non_Personalised
4789,Non_Personalised
DELHI  2010,Non_Personalised
of  ZERO  563,Non_Personalised
0871  of,Non_Personalised
30091,Non_Personalised
23539  482,Non_Personalised
RAJASTHAN  NUMBER  2901  SRP  HOME  DELIVERY,Non_Personalised
JIA  2611,Non_Personalised
ZIG  WHEELS,Non_Personalised
0005  2609,Non_Personalised
X,Non_Personalised
23  9908  23  9908  ULI,Non_Personalised
8  0  4  9  5  4  6,Non_Personalised
53976,Non_Personalised
12  76679  12  6679,Non_Personalised
557  1484  9  7  CHEM  580  J  3815  581  HBC,Non_Personalised
AND  TRENT  1345,Non_Personalised
51  4666,Non_Personalised
CART,Non_Personalised
of  GER  4547,Non_Personalised
FAL  of  0665  JOG,Non_Personalised
59  6486,Non_Personalised
ARTS  PRINTS  COM  NUMBER  PLATE  of  BOO,Non_Personalised
8169  of  P,Non_Personalised
RUIA  TEO  124,Non_Personalised
GUA  2081  RAJASTHAN  A  2081  KUM  PAV,Non_Personalised
HBO  LIND,Non_Personalised
J  653  8,Non_Personalised
3140031,Non_Personalised
12  6679,Non_Personalised
KAZ  9  SERIAL  CODE  BARCODE  ITS  FANCY  PLATE,Non_Personalised
RITO  8765  of,Non_Personalised
59  7865  59  6457  58  7892  594  6789,Non_Personalised
TOURIST,Non_Personalised
TNO  CHL  123  CHL  123,Non_Personalised
3572  5230  580  339  BEX  2845  8  6716,Non_Personalised
2611,Non_Personalised
of  ERO  563,Non_Personalised
CHOI  I  1234567  4174,Non_Personalised
of  9347,Non_Personalised
6182  49  8,Non_Personalised
174  301  2116,Non_Personalised
of,Non_Personalised
02  5174  02  5174,Non_Personalised
CALI  LORI  DMC  4583,Non_Personalised
MLA,Non_Personalised
GHS,Non_Personalised
19  0054  19  0054,Non_Personalised
6504  45389  2  1207  27  1212  038  40757  2  3581,Non_Personalised
2611,Non_Personalised
3009,Non_Personalised
of  GER  4547,Non_Personalised
8356,Non_Personalised
5042  D  1234567,Non_Personalised
BEST  FRIENDS  ALIA  1189  RISE,Non_Personalised
2019  2019,Non_Personalised
RAJASTHAN  NUMBER  TRANSPORT  DEPART  ICI  2901  SICA  SRP  of  SICA  HOME  DELIVERY,Non_Personalised
IZZ  6783,Non_Personalised
F  1629,Non_Personalised
14  9,Non_Personalised
303  663  8,Non_Personalised
12  1979  BRI,Non_Personalised
0563  L  D  0563,Non_Personalised
JOE,Non_Personalised
4  CAF  943,Non_Personalised
0206  P  1432,Non_Personalised
CHROMIUM  BASED  REGIS  TRA  LION  ASHOK  CHAKRA  CODE  FOR  INDIA  SYMBOL  88  8888  UNIQUE  LASER  DENOTES  THE  STATE  ALPHANUMERIC  ELCHE  WHERE  VEHICLE  COMBINATION  CODE  SERIAL  NUMBER  REGISTERED  DENOTES  DISTRICT  WHERE  THE  VEHICLE  REGISTERED  UNIQUE,Non_Personalised
VIP  NUMBER  BANK,Non_Personalised
1433,Non_Personalised
TATA  ALL  INDIA  TOURIST  PERMIT  8  9347  LAMY  BAY  TBM,Non_Personalised
CHO  LAN  OOO,Non_Personalised
ZIG  EELS,Non_Personalised
S,Non_Personalised
DBZ  4  05252  5252  4  044992  46936  41  of  of  M  of  ICP  of  0143757,Non_Personalised
HOT  STAMPED  INTERNATIONAL  CHROMIUM  BASED  REGISTRATION  ASHOKA  CHAKRA  CODE  FOR  INDIA  SYMBOL  26  5551  UNIQUE  LASER  ETCHED  DENOTES  THE  DISTRICT  UNIQUE  ALPHANUMERIC  SERIAL  NUMBER  WHERE  THE  VEHICLE  COMBINATION  CODE  REGISTERED  DENOTES  THE  STATE  WHERE  THE  VEHICLE  REGISTERED,Non_Personalised
HOT  STAMPED  INTER  NOT  LON  CHROMIUM  BASED  REGISTRO  TION  ASHOKA  CHAKRA  CODE  FOR  INDIA  SYMBOL  26005551  UNIQUE  LASER  CHED  DENOTES  DISTRICT  UNIQUE  ALPHANUMERIC  SERIAL  NUMBER  WHERE  OVO  CLE  COM  NATION  CODE  REGISTERED  NOTES  THE  STATE  WHORE  THE  VEHICLE  5  REGISTERED,Non_Personalised
2019  2019,Non_Personalised
DIFFERENT  TYPES  NUMBER  PLATES  INDIA  LOA  4284  AIL  TYPES  NUMBER  PLATES  INDIA,Non_Personalised
of  CAN,Non_Personalised
TNO  CHL  123  TNO  CHL  123,Non_Personalised
LAC,Non_Personalised
RAJAS  IAN  NUMBER  ICI  2901  SRP  HOME  DELIVERY,Non_Personalised
4003,Non_Personalised
6  5  9759,Non_Personalised
6504  45389  27  01207  27  1212  2  3581  of,Non_Personalised
FANCY  NUMBER  02391  PLATE  WHY  YOU  SHOULD  AVOID,Non_Personalised
6  7994  6  7994,Non_Personalised
7612  4022  413  9618  61  of  0045,Non_Personalised
40  4237  4319  6044  13  0220  RNK  1  13  0329  30425355  1279  2  of  3547,Non_Personalised
37  2765,Non_Personalised
5657  58  1372  59  8475  59  6780,Non_Personalised
46,Non_Personalised
AAST  NUMBER  PLATE  FRAMES  S  1818,Non_Personalised
5657  58  1372  59  8475  59  6780,Non_Personalised
0622  14  3082  729  2  A  6611  ACE  9  6131  0274,Non_Personalised
15  994,Non_Personalised
3  6,Non_Personalised
JANG  7437  SHEET  PAINTER,Non_Personalised
D  1064,Non_Personalised
4  6  1  1  1  1  6  1  8  2  9  8,Non_Personalised
JOB  BIBB  JOB  BIBB,Non_Personalised
17003,Non_Personalised
U  3882,Non_Personalised
14  048  14  6748,Non_Personalised
TSO  1115,Non_Personalised
PIC  SOURCE  INDIA,Non_Personalised
SRP  of  2603,Non_Personalised
7638  36  7636,Non_Personalised
53976,Non_Personalised
4594,Non_Personalised
U  3882,Non_Personalised
1,Non_Personalised
LOW  of,Non_Personalised
R  15,Non_Personalised
00  1629,Non_Personalised
4  5  8  8  M  0  1  OHM  601,Non_Personalised
MAME  4  4132  BOSS,Non_Personalised
DAY,Non_Personalised
8,Non_Personalised
DEM  22  HAM  A  6,Non_Personalised
8327  02  0606,Non_Personalised
6  5  9759,Non_Personalised
505,Non_Personalised
MHD  12161,Non_Personalised
LAL,Non_Personalised
of  121,Non_Personalised
LAMY  KTN  217332  ALAM  49  2038  LAMY  of  LAMY  LAMY,Non_Personalised
WISCONSIN  256  AMERICA  DAIRY  LOND  FLORIDA  ILLINOIS  APR  SUNSHINE  of  89784623  AYU  TEXAS,Non_Personalised
48  0936  48  NDIA  0935,Non_Personalised
HOT  STAMPED  INTERNATIONAL  CHROMIUM  BASED  REGISTRATION  ASHOKA  CHAKRA  CODE  FOR  INDIA  SYMBOL  26  5551  UNIQUE  LASER  ETCHED  DENOTES  THE  DISTRICT  UNIQUE  ALPHANUMERIC  SERIAL  NUMBER  WHERE  THE  VEHICLE  COMBINATION  CODE  REGISTERED  DENOTES  THE  STATE  WHERE  THE  VEHICLE  REGISTERED,Non_Personalised
LZL  09,Non_Personalised
I,Non_Personalised
2468  3  HON,Non_Personalised
of  899,Non_Personalised
FOTO  STOCK,Non_Personalised
TSO  11151,Non_Personalised
14201  6  1221  ICO  2535  3372  0483,Non_Personalised
6612,Non_Personalised
0  1265,Non_Personalised
DIFFERENT  TYPES  NUMBER  PLATES  INDIA  LOA  4284  AIL  TYPES  NUMBER  PLATES  INDIA,Non_Personalised
BEST  FRIENDS  B  AIB  MON,Non_Personalised
70003095,Non_Personalised
20  95  9  7553  C  1  of,Non_Personalised
of,Non_Personalised
8,Non_Personalised
9459  of  of,Non_Personalised
4567,Non_Personalised
8765,Non_Personalised
2690  ROX  NEEL  3  3464  03  DHU  03  of  7717  of  9,Non_Personalised
128,Non_Personalised
SKO,Non_Personalised
219  RICK  SHIA  CAL  of  POLICE,Non_Personalised
of  5719,Non_Personalised
3  5  3456  088  2425  FIR  5818  1  26  4790  124  26  7804  1  8  KEL  4  CAM  886  8  27  1  1  CHUA  6048  CHOA  6018,Non_Personalised
27412  7  1  MIH  10  1  6969  of  of,Non_Personalised
KAN  E  1316,Non_Personalised
2  4433,Non_Personalised
D  9838,Non_Personalised
6991  123456  423456  423456  112345676  112345674  109911  1234557  11294567  1234561,Non_Personalised
HOG  3259,Non_Personalised
3,Non_Personalised
89  MON,Non_Personalised
CLASS  COMPACT,Non_Personalised
KAOS  7  IBI  KAOS  7  IEN,Non_Personalised
4404  9358  5  4698  2382  SAD  1934  020505  0754  LLC  AFL  63117  01  4284  02  0595  02  0136,Non_Personalised
2019  2019,Non_Personalised
MLA  DADA,Non_Personalised
1433,Non_Personalised
6  8415  6  8415,Non_Personalised
POLL,Non_Personalised
MAHO,Non_Personalised
of,Non_Personalised
7108  DREAMS  COM  173583767,Non_Personalised
D  1064,Non_Personalised
7164  12  3456  02  7077  7270  of  of,Non_Personalised
2  1539,Non_Personalised
054  9472,Non_Personalised
43  7727  43  7727,Non_Personalised
EID  LAL,Non_Personalised
BCE,Non_Personalised
of  1433,Non_Personalised
0071,Non_Personalised
105  7969,Non_Personalised
045992,Non_Personalised
OUI  RANKIN,Non_Personalised
B  62654  IEC,Non_Personalised
3,Non_Personalised
19  7374  19  7374,Non_Personalised
469435,Non_Personalised
W  0206  1432,Non_Personalised
6952  D  6952,Non_Personalised
0563  L  of  0563,Non_Personalised
2909,Non_Personalised
ALUMINUM  EMBO  PLATE,Non_Personalised
WISCONSIN  J  256  W  COIS  8978623  TEXAS,Non_Personalised
7027  6355  1027  702  NGE  7027,Non_Personalised
5977  HBO,Non_Personalised
832  8354  MUAR,Non_Personalised
DAY,Non_Personalised
ARGAN  JET  8668  F  5977,Non_Personalised
1833,Non_Personalised
of  8155,Non_Personalised
19  7374  KOM  UCK  19  7374,Non_Personalised
1234567  234  THU  ALC  PALE  of  4284,Non_Personalised
0  9725  67  0  ZAP  182,Non_Personalised
28  5252  5252  108  90  2886  01992  6936  017  MIH  02  757  8719  8808,Non_Personalised
LLI,Non_Personalised
of  2026,Non_Personalised
3113  9915  DVA,Non_Personalised
KAD  IHR  1110  1  11,Non_Personalised
4542,Non_Personalised
DELI  2019,Non_Personalised
ARTS  PRINTS  COM  NUMBER  PLATE  TNO  CHL  123,Non_Personalised
2611,Non_Personalised
KAD  3879  KAD  MBA  879  LOL  TEAM  BHP  COM,Non_Personalised
KAO  KAO  of  791,Non_Personalised
KAD  SMU  SMU,Non_Personalised
KAZ  of  1051  KAL  989,Non_Personalised
76  Z,Non_Personalised
ARTS  PRINTS  COM  NUMBER  PLATE  TNO  CHL  123  TNO  CHL  123,Non_Personalised
4019  4019,Non_Personalised
LANDS  IRE  FUL  1345  GAY  NAR,Non_Personalised
4999,Non_Personalised
ILL  APO  7,Non_Personalised
KAZ  1276  KAZ  1  76,Non_Personalised
of  8327  0606,Non_Personalised
51  4666,Non_Personalised
17  2393  17  2393,Non_Personalised
9509  9509  065,Non_Personalised
CAM,Non_Personalised
NUMBER  PLATES  6091  CAR  LONG  65  06091  46  09137  CAR  SQUARE,Non_Personalised
TEAM  BHP,Non_Personalised
3  4  LEN  4790  26  780  1,Non_Personalised
42  060452  07,Non_Personalised
266,Non_Personalised
LICENSE  PLATE  2021  EPS  YOUR  STATE  ABCDE  KLM  0123456789,Non_Personalised
9567  9567,Non_Personalised
33  3434  33  3434,Non_Personalised
49999,Non_Personalised
KALI  of  of,Non_Personalised
5977  HBO,Non_Personalised
4  426  of  171,Non_Personalised
YOGI,Non_Personalised
968889  19  D  68869,Non_Personalised
HOW  0  GET  FANCY  CAR  NUMBER  1444,Non_Personalised
ARTS  PRINTS  COM  NUMBER  PLATES  621192  76  119,Non_Personalised
2  6  2  2  5,Non_Personalised
55  0066  55  0066,Non_Personalised
KAGI  7969  KAZ  of  1051,Non_Personalised
LMS  0092  S  05  0092,Non_Personalised
12016  NAK  CAMP  NON  DISP  FANCY  NUMBER  PLATES  LUCKNOW  ROU  DST  SEVERAL  LORI  HIGH  HOH  TED  HOW  NDER  LAN  CHED  ADD  JAL  THE  PRACTICE  AND  CHALL  NED  SEVERAL  VEN  KLE  SOME  NUMBERS  THAT  of  of  COME  PAID  4100510061007100910110  01230214108123480554109  40505060607070808030,Non_Personalised
58  8778,Non_Personalised
26  D,Non_Personalised
888  MHZ  2050,Non_Personalised
51  4666,Non_Personalised
54  BOS,Non_Personalised
3  CBA  4898  DLC  4898  TEAM,Non_Personalised
KAO  AMS  791  KAO  791,Non_Personalised
ABCDE  SVG  KLM  RST  XYZ  1234567890,Non_Personalised
of  551  78550  GARAGE  6850,Non_Personalised
1044804  10  4804,Non_Personalised
HONDA  CHO,Non_Personalised
FINE  FINE  FIE,Non_Personalised
7959  7959,Non_Personalised
KALI  7969  KAZ  D  1051,Non_Personalised
30  5051,Non_Personalised
MISC  256  897  TEXAS  611  of  C,Non_Personalised
KLE  4122  35  J  4122,Non_Personalised
ARTS  PRINTS  COM  NUMBER  PLATES  12  6679  12  6679,Non_Personalised
9546  KOM  PRESS,Non_Personalised
